Pruned,LIF Threshold,Accuracy
True,1.0,9.805689102564102
True,2.0,9.795673076923077
False,1.0,94.6113782051282
False,2.0,95.08213141025641
